TAX,ADC,TS
28,11625,1716271807.4615352154
28,11589,1716271807.5042276382
28,11604,1716271807.5507235527
