TAX,ADC,TS
28,11619,1716271808.8614125252
28,11608,1716271808.9043650627
28,11627,1716271808.9556231499
